Workload_ID,    App_ID,SubmitTime,Pr:StartTime,Pr:EndTime,Pr:CPUTime,   Pr:Size,Tr:StartTime,Tr:EndTime,Tr:NetworkTime,   Tr:Size,Tr:Channel,Pr:StartTime,Pr:EndTime,Pr:CPUTime,   Pr:Size,ResponseTime,
 1, 0, 5, 5, 5.002, 0.002, 1, 5.002, 5.003, 0.001, 700000, -1, 5.003, 5.005, 0.002, 1,     0.005,
 0, 0, 0, 0, 0.002, 0.002, 1, 0.002, 10.002, 10, 50000000, -1,TimeOut
 2, 0, 10, 10, 10.002, 0.002, 1, 10.002, 10.003, 0.001, 600000, -1, 10.003, 10.005, 0.002, 1,     0.005,
 3, 0, 10, 10, 10.002, 0.002, 1, 10.002, 10.135, 0.133, 600000, -1, 10.135, 10.137, 0.002, 1,     0.137,
 4, 0, 20, 20, 20.002, 0.002, 1, 20.002, 20.005, 0.003, 2000000, -1, 20.005, 20.007, 0.002, 1,     0.007,
 5, 0, 20, 20, 20.002, 0.002, 1, 20.002, 20.007, 0.005, 4000000, -1, 20.007, 20.009, 0.002, 1,     0.009,
#======================================
#Number of workloads:5
#Timeout workloads:1
#Timeout workloads per cent:0
#Over workloads:0
#Over workloads per cent:0
#Number of Cloudlets:10
#Over Cloudlets:0
#Over Cloudlets per cent:0
#Number of transmissions:5
#Over transmissions:5
#Over transmissions per cent:1
#======================================
#Total serve time:0.16186766666666852
#CPU serve time:0.019999999999997797
#Network serve time:0.14186766666667072
#Average total serve time:0.032373533333333704
#Average CPU serve time per workload:0.0039999999999995595
#Average network serve time per workload:0.028373533333334144
#Average CPU serve time per Cloudlet:0.0019999999999997797
#Average network serve time per transmission:0.028373533333334144
